Prompt ID,Prompt Type,Prompt Variation,Iteration,Olmo2-13B-zeroshot,Olmo2-13B-oneshot
1,ARG,1,1,Score: 5,Score: 6.0
1,ARG,1,2,Score: 5,Score: 5.0
1,ARG,1,3,Score: 5,Score: 5.5
1,ARG,1,4,Score: 6,Score: 6
1,ARG,1,5,Score: 6,Score: 5.0
1,ARG,2,1,Score: 6,Score: 6.0
1,ARG,2,2,Score: 5,Score: 6
1,ARG,2,3,Score: 5,Score: 6.0
1,ARG,2,4,Score: 6,Score: 6.0
1,ARG,2,5,Score: 6,Score: 6.0
2,ARG,1,1,Score: 6,Score: 5.5
2,ARG,1,2,Score: 6,Score: 6
2,ARG,1,3,Score: 5,Score: 5
2,ARG,1,4,Score: 5,Score: 6
2,ARG,1,5,Score: 5,Score: 5
2,ARG,1,6,Score: 5,Score: 5
2,ARG,1,7,Score: 5,Score: 6
2,ARG,1,8,Score: 5,Score: 5
2,ARG,1,9,Score: 5,Score: 5
2,ARG,1,10,Score: 5,Score: 5
3,RESP,1,0,Score: 3,Score: 4
3,RESP,1,1,Score: 3,Score: 3
3,RESP,1,2,Score: 3,Score: 3
3,RESP,1,3,Score: 3,Score: 3
3,RESP,1,4,Score: 3,Score: 3
3,RESP,2,0,Score: 3,Score: 3
3,RESP,2,1,Score: 3,Score: 3
3,RESP,2,2,Score: 3,Score: 2
3,RESP,2,3,Score: 3,Score: 3
3,RESP,2,4,Score: 3,Score: 3
4,RESP,2,1,Score: 3,Score: 3
4,RESP,2,2,Score: 3,Score: 3
4,RESP,2,3,Score: 3,Score: 3
4,RESP,2,4,Score: 3,Score: 3
4,RESP,2,5,Score: 3,Score: 3.0
4,RESP,2,6,Score: 3,Score: 3
4,RESP,2,7,Score: 3,Score: 3
4,RESP,2,8,Score: 3,Score: 3
4,RESP,2,9,Score: 3,Score: 3.0
4,RESP,2,10,Score: 3,Score: 3
5,RESP,1,1,Score: 4,Score: 4.0
5,RESP,1,2,Score: 4,Score: 4.0
5,RESP,1,3,Score: 4,Score: 4
5,RESP,1,4,Score: 4,Score: 4
5,RESP,1,5,Score: 4,Score: 4.0
5,RESP,2,1,Score: 4,Score: 4
5,RESP,2,2,Score: 4,Score: 4.0
5,RESP,2,3,Score: 4,Score: 4
5,RESP,2,4,Score: 4,Score: 4.0
5,RESP,2,5,Score: 4,Score: 4.0
6,RESP,1,1,Score: 4,Score: 4
6,RESP,1,2,Score: 4,Score: 4.0
6,RESP,1,3,Score: 4,Score: 4.0
6,RESP,1,4,Score: 4,Score: 4
6,RESP,1,5,Score: 4,Score: 4
6,RESP,2,1,Score: 4,Score: 4.0
6,RESP,2,2,Score: 4,Score: 4
6,RESP,2,3,Score: 4,Score: 4
6,RESP,2,4,Score: 4,Score: 4.0
6,RESP,2,5,Score: 4,Score: 4.0
7,NARR,1,1,Score: 3,Score: 9.5
7,NARR,1,2,Score: 28,Score: 4.5
7,NARR,1,3,Score: 22,Score: 5.0
7,NARR,1,4,Score: 23,Score: 5.0
7,NARR,1,5,Score: 28,Score: 5.5
7,NARR,2,1,Score: 21,Score: 5.0
7,NARR,2,2,Score: 3,Score: 5.0
7,NARR,2,3,Score: 23,Score: 4.25
7,NARR,2,4,Score: 23,Score: 5.25
7,NARR,2,5,Score: 28,Score: 4.25
8,NARR,1,1,Score: 6,
8,NARR,1,2,Score: 6,
8,NARR,1,3,Score: 5,
8,NARR,1,4,Score: 6,
8,NARR,1,5,Score: 6,
8,NARR,2,6,Score: 6,
8,NARR,2,7,Score: 6,
8,NARR,2,8,Score: 6,
8,NARR,2,9,Score: 6,
8,NARR,2,10,Score: 5,
9,LETT,1,0,Score: 35,Score: 30
9,LETT,1,1,Score: 30,Score: 30
9,LETT,1,2,Score: 35,Score: 32
9,LETT,1,3,Score: 35,Score: 30
9,LETT,2,0,Score: 35,Score: 30
9,LETT,2,1,Score: 35,Score: 30
9,LETT,2,2,Score: 32,Score: 35
9,LETT,2,3,Score: 32,Score: 30
9,LETT,3,0,Score: 35,Score: 26
9,LETT,3,1,Score: 30,Score: 30
9,LETT,3,2,Score: 35,Score: 30
9,LETT,3,3,Score: 38,Score: 32
10,SUGG,1,1,Score: 38,Score: 35
10,SUGG,1,2,Score: 36,Score: 34
10,SUGG,1,3,Score: 38,Score: 30
10,SUGG,1,4,Score: 37,Score: 34
10,SUGG,2,1,Score: 40,Score: 38
10,SUGG,2,2,Score: 35,Score: 32
10,SUGG,2,3,Score: 38,Score: 34
10,SUGG,2,4,Score: 37,Score: 35
10,SUGG,3,1,Score: 35,Score: 30
10,SUGG,3,2,Score: 38,Score: 32
10,SUGG,3,3,Score: 35,Score: 36
10,SUGG,3,4,Score: 35,Score: 34
11,COMM,1,1,Score: 30,Score: 35
11,COMM,1,2,Score: 35,Score: 28
11,COMM,1,3,Score: 35,Score: 30
11,COMM,1,4,Score: 30,Score: 27
11,COMM,2,1,Score: 29,Score: 29
11,COMM,2,2,Score: 35,Score: 28
11,COMM,2,3,Score: 35,Score: 29
11,COMM,2,4,Score: 35,Score: 34
11,COMM,3,1,Score: 35,Score: 30
11,COMM,3,2,Score: 35,Score: 27
11,COMM,3,3,Score: 35,Score: 31
11,COMM,3,4,Score: 34,Score: 32
12,LETT,1,1,Score: 30,Score: 35
12,LETT,1,2,Score: 35,Score: 30
12,LETT,1,3,Score: 35,Score: 35
12,LETT,1,4,Score: 35,Score: 35
12,LETT,2,1,Score: 39,Score: 35
12,LETT,2,2,Score: 36,Score: 35
12,LETT,2,3,Score: 38,Score: 35
12,LETT,2,4,Score: 38,Score: 40
12,LETT,3,1,Score: 34,Score: 30
12,LETT,3,2,Score: 35,Score: 35
12,LETT,3,3,Score: 34,Score: 34
12,LETT,3,4,Score: 34,Score: 30
13,COMM,1,1,Score: 35,Score: 37
13,COMM,1,2,Score: 35,Score: 38
13,COMM,1,3,Score: 37,Score: 35
13,COMM,1,4,Score: 35,Score: 38
13,COMM,1,5,Score: 36,Score: 35
13,COMM,1,6,Score: 34,Score: 40
13,COMM,1,7,Score: 38,Score: 38
13,COMM,1,8,Score: 35,Score: 35
13,COMM,1,9,Score: 38,Score: 35
13,COMM,1,10,Score: 38,Score: 35
13,COMM,1,1,Score: 36,Score: 35
13,COMM,1,2,Score: 37,Score: 35
13,COMM,1,3,Score: 35,Score: 34
13,COMM,1,4,Score: 36,Score: 40
13,COMM,1,5,Score: 35,Score: 35
13,COMM,1,6,Score: 39,Score: 35
13,COMM,1,7,Score: 35,Score: 38
13,COMM,1,8,Score: 35,Score: 35
13,COMM,1,9,Score: 35,Score: 35
13,COMM,1,10,Score: 35,Score: 38
13,COMM,1,1,Score: 35,Score: 38
13,COMM,1,2,Score: 35,Score: 34
13,COMM,1,3,Score: 34,Score: 40
13,COMM,1,4,Score: 35,Score: 35
13,COMM,1,5,Score: 38,Score: 38
13,COMM,1,6,Score: 35,Score: 35
13,COMM,1,7,Score: 35,Score: 35
13,COMM,1,8,Score: 38,Score: 35
13,COMM,1,9,Score: 34,Score: 35
13,COMM,1,10,Score: 35,Score: 35
13,COMM,1,1,Score: 37,Score: 35
13,COMM,1,2,Score: 34,Score: 35
13,COMM,1,3,Score: 35,Score: 37
13,COMM,1,4,Score: 38,Score: 35
13,COMM,1,5,Score: 35,Score: 38
13,COMM,1,6,Score: 37,Score: 36
13,COMM,1,7,Score: 38,Score: 40
13,COMM,1,8,Score: 35,Score: 38
13,COMM,1,9,Score: 35,Score: 38
13,COMM,1,10,Score: 36,Score: 35
13,COMM,1,1,Score: 38,Score: 37
13,COMM,1,2,Score: 35,Score: 40
13,COMM,1,3,Score: 39,Score: 35
13,COMM,1,4,Score: 38,Score: 37
13,COMM,1,5,Score: 35,Score: 40
13,COMM,1,6,Score: 35,Score: 35
13,COMM,1,7,Score: 37,Score: 35
13,COMM,1,8,Score: 35,Score: 38
13,COMM,1,9,Score: 35,Score: 38
13,COMM,1,10,Score: 36,Score: 35
14,COMM,1,1,Score: 38,Score: 38
14,COMM,1,2,Score: 38,Score: 40
14,COMM,1,3,Score: 35,Score: 35
14,COMM,1,4,Score: 35,Score: 37
14,COMM,1,5,Score: 38,Score: 37
14,COMM,1,6,Score: 38,Score: 35
14,COMM,1,7,Score: 35,Score: 35
14,COMM,1,8,Score: 38,Score: 39
14,COMM,1,9,Score: 38,Score: 38
14,COMM,1,10,Score: 38,Score: 35
14,COMM,1,1,Score: 38,Score: 38
14,COMM,1,2,Score: 38,Score: 40
14,COMM,1,3,Score: 39,Score: 38
14,COMM,1,4,Score: 35,Score: 37
14,COMM,1,5,Score: 38,Score: 39
14,COMM,1,6,Score: 38,Score: 39
14,COMM,1,7,Score: 39,Score: 38
14,COMM,1,8,Score: 38,Score: 40
14,COMM,1,9,Score: 38,Score: 38
14,COMM,1,10,Score: 38,Score: 38
14,COMM,1,1,Score: 38,Score: 35
14,COMM,1,2,Score: 38,Score: 38
14,COMM,1,3,Score: 38,Score: 40
14,COMM,1,4,Score: 38,Score: 37
14,COMM,1,5,Score: 35,Score: 38
14,COMM,1,6,Score: 35,Score: 38
14,COMM,1,7,Score: 34,Score: 35
14,COMM,1,8,Score: 37,Score: 37
14,COMM,1,9,Score: 38,Score: 38
14,COMM,1,10,Score: 38,Score: 38
14,COMM,1,1,Score: 39,Score: 38
14,COMM,1,2,Score: 38,Score: 40
14,COMM,1,3,Score: 32,Score: 35
14,COMM,1,4,Score: 37,Score: 37
14,COMM,1,5,Score: 38,Score: 38
14,COMM,1,6,Score: 35,Score: 38
14,COMM,1,7,Score: 38,Score: 35
14,COMM,1,8,Score: 38,Score: 38
14,COMM,1,9,Score: 35,Score: 35
14,COMM,1,10,Score: 35,Score: 32
14,COMM,1,1,Score: 38,Score: 39
14,COMM,1,2,Score: 38,Score: 39
14,COMM,1,3,Score: 38,Score: 35
14,COMM,1,4,Score: 38,Score: 38
14,COMM,1,5,Score: 38,Score: 38
14,COMM,1,6,Score: 38,Score: 35
14,COMM,1,7,Score: 39,Score: 40
14,COMM,1,8,Score: 35,Score: 38
14,COMM,1,9,Score: 34,Score: 28
14,COMM,1,10,Score: 40,Score: 40
15,LETT,1,1,Score: 38,Score: 29
15,LETT,1,2,Score: 35,Score: 35
15,LETT,1,3,Score: 35,Score: 32
15,LETT,1,4,Score: 35,Score: 36
15,LETT,2,1,Score: 35,Score: 30
15,LETT,2,2,Score: 35,Score: 30
15,LETT,2,3,Score: 35,Score: 28
15,LETT,2,4,Score: 35,Score: 30
15,LETT,3,1,Score: 38,Score: 30
15,LETT,3,2,Score: 35,Score: 31
15,LETT,3,3,Score: 30,Score: 30
15,LETT,3,4,Score: 35,Score: 29
16,COMM,1,1,Score: 35,Score: 30
16,COMM,1,2,Score: 35,Score: 30
16,COMM,1,3,Score: 35,Score: 35
16,COMM,1,4,Score: 35,Score: 35
16,COMM,2,1,Score: 35,Score: 34
16,COMM,2,2,Score: 34,Score: 35
16,COMM,2,3,Score: 38,Score: 35
16,COMM,2,4,Score: 35,Score: 36
16,COMM,3,1,Score: 35,Score: 35
16,COMM,3,2,Score: 38,Score: 30
16,COMM,3,3,Score: 35,Score: 30
16,COMM,3,4,Score: 35,Score: 32
17,ARG,1,1,Score: 36,Score: 30
17,ARG,1,2,Score: 35,Score: 35
17,ARG,1,3,Score: 35,Score: 30
17,ARG,1,4,Score: 32,Score: 30
17,ARG,2,1,Score: 38,Score: 35
17,ARG,2,2,Score: 35,Score: 36
17,ARG,2,3,Score: 35,Score: 35
17,ARG,2,4,Score: 36,Score: 35
17,ARG,3,1,Score: 35,Score: 38
17,ARG,3,2,Score: 35,Score: 32
17,ARG,3,3,Score: 35,Score: 34
17,ARG,3,4,Score: 38,Score: 35
18,NARR,1,1,Score: 25,Score: 28
18,NARR,1,2,Score: 25,Score: 28
18,NARR,1,3,Score: 25,Score: 36
18,NARR,1,4,Score: 25,Score: 32
18,NARR,2,1,Score: 28,Score: 34
18,NARR,2,2,Score: 25,Score: 28
18,NARR,2,3,Score: 18,Score: 25
18,NARR,2,4,Score: 18,Score: 20
18,NARR,3,1,Score: 35,Score: 31
18,NARR,3,2,Score: 30,Score: 27
18,NARR,3,3,Score: 25,Score: 30
18,NARR,3,4,Score: 32,Score: 30
19,COMM,1,1,Score: 37,Score: 28
19,COMM,1,2,Score: 38,Score: 36
19,COMM,1,3,Score: 38,Score: 32
19,COMM,1,4,Score: 36,Score: 35
19,COMM,1,5,Score: 35,Score: 35
19,COMM,1,6,Score: 34,Score: 38
19,COMM,1,7,Score: 34,Score: 26
19,COMM,1,8,Score: 36,Score: 37
19,COMM,1,9,Score: 38,Score: 30
19,COMM,1,10,Score: 38,Score: 38
19,COMM,2,1,Score: 38,Score: 32
19,COMM,2,2,Score: 35,Score: 39
19,COMM,2,3,Score: 37,Score: 35
19,COMM,2,4,Score: 34,Score: 38
19,COMM,2,5,Score: 36,Score: 32
19,COMM,2,6,Score: 35,Score: 38
19,COMM,2,7,Score: 36,Score: 35
19,COMM,2,8,Score: 38,Score: 38
19,COMM,2,9,Score: 38,Score: 32
19,COMM,2,10,Score: 38,Score: 36
19,COMM,3,1,Score: 38,Score: 28
19,COMM,3,2,Score: 38,Score: 35
19,COMM,3,3,Score: 38,Score: 30
19,COMM,3,4,Score: 35,Score: 36
19,COMM,3,5,Score: 38,Score: 25
19,COMM,3,6,Score: 35,Score: 37
19,COMM,3,7,Score: 38,Score: 35
19,COMM,3,8,Score: 36,Score: 36
19,COMM,3,9,Score: 35,Score: 30
19,COMM,3,10,Score: 35,Score: 37
19,COMM,4,1,Score: 35,Score: 30
19,COMM,4,2,Score: 35,Score: 36
19,COMM,4,3,Score: 39,Score: 32
19,COMM,4,4,Score: 39,Score: 35
19,COMM,4,5,Score: 38,Score: 25
19,COMM,4,6,Score: 38,Score: 38
19,COMM,4,7,Score: 35,Score: 30
19,COMM,4,8,Score: 35,Score: 35
19,COMM,4,9,Score: 38,Score: 30
19,COMM,4,10,Score: 38,Score: 38
19,COMM,5,1,Score: 36,Score: 25
19,COMM,5,2,Score: 36,Score: 35
19,COMM,5,3,Score: 35,Score: 30
19,COMM,5,4,Score: 35,Score: 36
19,COMM,5,5,Score: 38,Score: 31
19,COMM,5,6,Score: 38,Score: 35
19,COMM,5,7,Score: 35,Score: 30
19,COMM,5,8,Score: 36,Score: 36
19,COMM,5,9,Score: 37,Score: 30
19,COMM,5,10,Score: 35,Score: 34
20,LETT,1,1,Score: 36,Score: 36
20,LETT,1,2,Score: 34,Score: 36
20,LETT,1,3,Score: 35,Score: 34
20,LETT,1,4,Score: 36,Score: 38
20,LETT,1,5,Score: 34,Score: 34
20,LETT,1,6,Score: 35,Score: 30
20,LETT,1,7,Score: 38,Score: 30
20,LETT,1,8,Score: 37,Score: 30
20,LETT,1,9,Score: 35,Score: 38
20,LETT,1,10,Score: 37,Score: 30
20,LETT,1,1,Score: 35,Score: 30
20,LETT,1,2,Score: 34,Score: 32
20,LETT,1,3,Score: 35,Score: 30
20,LETT,1,4,Score: 34,Score: 30
20,LETT,1,5,Score: 38,Score: 37
20,LETT,1,6,Score: 35,Score: 30
20,LETT,1,7,Score: 38,Score: 35
20,LETT,1,8,Score: 35,Score: 30
20,LETT,1,9,Score: 34,Score: 30
20,LETT,1,10,Score: 35,Score: 32
20,LETT,1,1,Score: 35,Score: 32
20,LETT,1,2,Score: 34,Score: 30
20,LETT,1,3,Score: 35,Score: 33
20,LETT,1,4,Score: 35,Score: 30
20,LETT,1,5,Score: 36,Score: 30
20,LETT,1,6,Score: 35,Score: 34
20,LETT,1,7,Score: 34,Score: 36
20,LETT,1,8,Score: 37,Score: 30
20,LETT,1,9,Score: 35,Score: 30
20,LETT,1,10,Score: 35,Score: 30
20,LETT,1,1,Score: 35,Score: 33
20,LETT,1,2,Score: 39,Score: 34
20,LETT,1,3,Score: 35,Score: 34
20,LETT,1,4,Score: 37,Score: 32
20,LETT,1,5,Score: 35,Score: 30
20,LETT,1,6,Score: 38,Score: 30
20,LETT,1,7,Score: 38,Score: 33
20,LETT,1,8,Score: 35,Score: 33
20,LETT,1,9,Score: 30,Score: 32
20,LETT,1,10,Score: 35,Score: 30
20,LETT,1,1,Score: 38,Score: 33
20,LETT,1,2,Score: 35,Score: 30
20,LETT,1,3,Score: 35,Score: 30
20,LETT,1,4,Score: 38,Score: 30
20,LETT,1,5,Score: 30,Score: 34
20,LETT,1,6,Score: 36,Score: 33
20,LETT,1,7,Score: 35,Score: 30
20,LETT,1,8,Score: 38,Score: 30
20,LETT,1,9,Score: 35,Score: 38
20,LETT,1,10,Score: 35,Score: 37
21,LETT,1,1,Score: 35,Score: 35
21,LETT,1,2,Score: 35,Score: 37
21,LETT,1,3,Score: 35,Score: 30
21,LETT,1,4,Score: 35,Score: 36
21,LETT,2,1,Score: 38,Score: 35
21,LETT,2,2,Score: 38,Score: 35
21,LETT,2,3,Score: 35,Score: 35
21,LETT,2,4,Score: 36,Score: 35
21,LETT,3,1,Score: 38,Score: 35
21,LETT,3,2,Score: 38,Score: 38
21,LETT,3,3,Score: 35,Score: 35
21,LETT,3,4,Score: 37,Score: 35
22,SUGG,1,1,Score: 37,Score: 30
22,SUGG,1,2,Score: 38,Score: 30
22,SUGG,1,3,Score: 38,Score: 34
22,SUGG,1,4,Score: 35,Score: 30
22,SUGG,2,1,Score: 38,Score: 35
22,SUGG,2,2,Score: 37,Score: 30
22,SUGG,2,3,Score: 37,Score: 28
22,SUGG,2,4,Score: 35,Score: 37
22,SUGG,3,1,Score: 35,Score: 30
22,SUGG,3,2,Score: 38,Score: 35
22,SUGG,3,3,Score: 38,Score: 30
22,SUGG,3,4,Score: 35,Score: 30
23,COMM,1,1,Score: 35,Score: 26
23,COMM,1,2,Score: 35,Score: 36
23,COMM,1,3,Score: 35,Score: 28
23,COMM,1,4,Score: 30,Score: 32
23,COMM,2,1,Score: 34,Score: 28
23,COMM,2,2,Score: 37,Score: 35
23,COMM,2,3,Score: 34,Score: 30
23,COMM,2,4,Score: 35,Score: 30
23,COMM,3,1,Score: 35,Score: 30
23,COMM,3,2,Score: 35,Score: 35
23,COMM,3,3,Score: 35,Score: 34
23,COMM,3,4,Score: 35,Score: 34
24,NARR,1,1,Score: 28,Score: 30
24,NARR,1,2,Score: 30,Score: 32
24,NARR,1,3,Score: 30,Score: 32
24,NARR,1,4,Score: 32,Score: 32
24,NARR,2,1,Score: 29,Score: 30
24,NARR,2,2,Score: 34,Score: 28
24,NARR,2,3,Score: 30,Score: 32
24,NARR,2,4,Score: 35,Score: 26
24,NARR,3,1,Score: 26,Score: 31
24,NARR,3,2,Score: 28,Score: 35
24,NARR,3,3,Score: 34,Score: 30
24,NARR,3,4,Score: 30,Score: 35
25,LETT,1,1,Score: 35,Score: 35
25,LETT,1,2,Score: 35,Score: 40
25,LETT,1,3,Score: 35,Score: 40
25,LETT,1,4,Score: 35,Score: 35
25,LETT,1,5,Score: 35,Score: 35
25,LETT,1,6,Score: 38,Score: 37
25,LETT,1,7,Score: 35,Score: 37
25,LETT,1,8,Score: 35,Score: 37
25,LETT,1,9,Score: 36,Score: 35
25,LETT,1,10,Score: 38,Score: 35
25,LETT,1,1,Score: 35,Score: 40
25,LETT,1,2,Score: 36,Score: 38
25,LETT,1,3,Score: 38,Score: 35
25,LETT,1,4,Score: 35,Score: 35
25,LETT,1,5,Score: 35,Score: 34
25,LETT,1,6,Score: 38,Score: 34
25,LETT,1,7,Score: 38,Score: 40
25,LETT,1,8,Score: 38,Score: 39
25,LETT,1,9,Score: 39,Score: 34
25,LETT,1,10,Score: 36,Score: 40
25,LETT,1,1,Score: 37,Score: 35
25,LETT,1,2,Score: 37,Score: 38
25,LETT,1,3,Score: 37,Score: 38
25,LETT,1,4,Score: 35,Score: 35
25,LETT,1,5,Score: 36,Score: 38
25,LETT,1,6,Score: 35,Score: 34
25,LETT,1,7,Score: 36,Score: 39
25,LETT,1,8,Score: 37,Score: 36
25,LETT,1,9,Score: 34,Score: 34
25,LETT,1,10,Score: 35,Score: 35
25,LETT,1,1,Score: 36,Score: 38
25,LETT,1,2,Score: 38,Score: 38
25,LETT,1,3,Score: 39,Score: 40
25,LETT,1,4,Score: 38,Score: 38
25,LETT,1,5,Score: 35,Score: 35
25,LETT,1,6,Score: 36,Score: 35
25,LETT,1,7,Score: 35,Score: 34
25,LETT,1,8,Score: 38,Score: 39
25,LETT,1,9,Score: 36,Score: 39
25,LETT,1,10,Score: 38,Score: 35
25,LETT,1,1,Score: 35,Score: 37
25,LETT,1,2,Score: 35,Score: 37
25,LETT,1,3,Score: 35,Score: 35
25,LETT,1,4,Score: 35,Score: 35
25,LETT,1,5,Score: 35,Score: 34
25,LETT,1,6,Score: 35,Score: 34
25,LETT,1,7,Score: 38,Score: 38
25,LETT,1,8,Score: 35,Score: 35
25,LETT,1,9,Score: 35,Score: 38
25,LETT,1,10,Score: 36,Score: 38
26,COMM,1,1,Score: 38,Score: 35
26,COMM,1,2,Score: 38,Score: 35
26,COMM,1,3,Score: 39,Score: 35
26,COMM,1,4,Score: 38,Score: 35
26,COMM,1,5,Score: 38,Score: 34
26,COMM,1,6,Score: 38,Score: 38
26,COMM,1,7,Score: 35,Score: 38
26,COMM,1,8,Score: 38,Score: 35
26,COMM,1,9,Score: 38,Score: 38
26,COMM,1,10,Score: 39,Score: 38
26,COMM,1,1,Score: 38,Score: 38
26,COMM,1,2,Score: 38,Score: 40
26,COMM,1,3,Score: 35,Score: 38
26,COMM,1,4,Score: 35,Score: 36
26,COMM,1,5,Score: 39,Score: 35
26,COMM,1,6,Score: 38,Score: 35
26,COMM,1,7,Score: 35,Score: 35
26,COMM,1,8,Score: 35,Score: 38
26,COMM,1,9,Score: 38,Score: 38
26,COMM,1,10,Score: 35,Score: 35
26,COMM,1,1,Score: 38,Score: 36
26,COMM,1,2,Score: 38,Score: 38
26,COMM,1,3,Score: 38,Score: 35
26,COMM,1,4,Score: 38,Score: 38
26,COMM,1,5,Score: 38,Score: 35
26,COMM,1,6,Score: 38,Score: 35
26,COMM,1,7,Score: 37,Score: 35
26,COMM,1,8,Score: 35,Score: 35
26,COMM,1,9,Score: 38,Score: 38
26,COMM,1,10,Score: 35,Score: 35
26,COMM,1,1,Score: 38,Score: 35
26,COMM,1,2,Score: 37,Score: 34
26,COMM,1,3,Score: 38,Score: 38
26,COMM,1,4,Score: 39,Score: 35
26,COMM,1,5,Score: 38,Score: 35
26,COMM,1,6,Score: 38,Score: 38
26,COMM,1,7,Score: 38,Score: 38
26,COMM,1,8,Score: 38,Score: 35
26,COMM,1,9,Score: 38,Score: 35
26,COMM,1,10,Score: 36,Score: 38
26,COMM,1,1,Score: 38,Score: 35
26,COMM,1,2,Score: 36,Score: 35
26,COMM,1,3,Score: 35,Score: 35
26,COMM,1,4,Score: 38,Score: 38
26,COMM,1,5,Score: 38,Score: 35
26,COMM,1,6,Score: 39,Score: 38
26,COMM,1,7,Score: 35,Score: 36
26,COMM,1,8,Score: 38,Score: 35
26,COMM,1,9,Score: 40,Score: 38
26,COMM,1,10,Score: 36,Score: 35
27,LETT,1,1,Score: 36,Score: 30
27,LETT,1,2,Score: 40,Score: 30
27,LETT,1,3,Score: 36,Score: 30
27,LETT,1,4,Score: 36,Score: 30
27,LETT,2,1,Score: 34,Score: 30
27,LETT,2,2,Score: 38,Score: 30
27,LETT,2,3,Score: 36,Score: 30
27,LETT,2,4,Score: 35,Score: 30
27,LETT,3,1,Score: 35,Score: 28
27,LETT,3,2,Score: 35,Score: 28
27,LETT,3,3,Score: 37,Score: 30
27,LETT,3,4,Score: 35,Score: 28
28,ARG,1,1,Score: 35,Score: 32
28,ARG,1,2,Score: 35,Score: 30
28,ARG,1,3,Score: 30,Score: 32
28,ARG,1,4,Score: 35,Score: 32
28,ARG,2,1,Score: 35,Score: 31
28,ARG,2,2,Score: 35,Score: 32
28,ARG,2,3,Score: 35,Score: 30
28,ARG,2,4,Score: 35,Score: 33
28,ARG,3,1,Score: 35,Score: 30
28,ARG,3,2,Score: 30,Score: 31
28,ARG,3,3,Score: 32,Score: 30
28,ARG,3,4,Score: 35,Score: 30
29,NARR,1,1,Score: 35,Score: 23
29,NARR,1,2,Score: 34,Score: 26
29,NARR,1,3,Score: 30,Score: 30
29,NARR,1,4,Score: 30,Score: 23
29,NARR,2,1,Score: 35,Score: 25
29,NARR,2,2,Score: 30,Score: 15
29,NARR,2,3,Score: 35,Score: 28
29,NARR,2,4,Score: 35,Score: 18
29,NARR,3,1,Score: 30,Score: 20
29,NARR,3,2,Score: 35,Score: 20
29,NARR,3,3,Score: 30,Score: 25
29,NARR,3,4,Score: 30,Score: 26
30,ARG,1,1,Score: 35,Score: 28
30,ARG,1,2,Score: 36,Score: 35
30,ARG,1,3,Score: 38,Score: 30
30,ARG,1,4,Score: 35,Score: 28
30,ARG,2,1,Score: 38,Score: 30
30,ARG,2,2,Score: 34,Score: 30
30,ARG,2,3,Score: 34,Score: 30
30,ARG,2,4,Score: 35,Score: 30
30,ARG,3,1,Score: 39,Score: 30
30,ARG,3,2,Score: 35,Score: 30
30,ARG,3,3,Score: 35,Score: 30
30,ARG,3,4,Score: 37,Score: 30
31,SUGG,1,1,Score: 35,Score: 35
31,SUGG,1,2,Score: 39,Score: 35
31,SUGG,1,3,Score: 37,Score: 35
31,SUGG,1,4,Score: 35,Score: 34
31,SUGG,1,5,Score: 38,Score: 35
31,SUGG,1,6,Score: 35,Score: 33
31,SUGG,1,7,Score: 38,Score: 35
31,SUGG,1,8,Score: 38,Score: 34
31,SUGG,1,9,Score: 35,Score: 34
31,SUGG,1,10,Score: 38,Score: 33
31,SUGG,1,1,Score: 35,Score: 35
31,SUGG,1,2,Score: 38,Score: 32
31,SUGG,1,3,Score: 36,Score: 35
31,SUGG,1,4,Score: 38,Score: 34
31,SUGG,1,5,Score: 37,Score: 34
31,SUGG,1,6,Score: 38,Score: 36
31,SUGG,1,7,Score: 38,Score: 35
31,SUGG,1,8,Score: 37,Score: 35
31,SUGG,1,9,Score: 35,Score: 35
31,SUGG,1,10,Score: 35,Score: 34
31,SUGG,1,1,Score: 38,Score: 35
31,SUGG,1,2,Score: 35,Score: 34
31,SUGG,1,3,Score: 38,Score: 35
31,SUGG,1,4,Score: 38,Score: 35
31,SUGG,1,5,Score: 38,Score: 35
31,SUGG,1,6,Score: 38,Score: 35
31,SUGG,1,7,Score: 38,Score: 35
31,SUGG,1,8,Score: 36,Score: 35
31,SUGG,1,9,Score: 36,Score: 35
31,SUGG,1,10,Score: 38,Score: 35
31,SUGG,1,1,Score: 38,Score: 35
31,SUGG,1,2,Score: 38,Score: 33
31,SUGG,1,3,Score: 39,Score: 32
31,SUGG,1,4,Score: 38,Score: 33
31,SUGG,1,5,Score: 35,Score: 34
31,SUGG,1,6,Score: 38,Score: 35
31,SUGG,1,7,Score: 38,Score: 36
31,SUGG,1,8,Score: 35,Score: 35
31,SUGG,1,9,Score: 38,Score: 34
31,SUGG,1,10,Score: 36,Score: 34
31,SUGG,1,1,Score: 39,Score: 32
31,SUGG,1,2,Score: 39,Score: 34
31,SUGG,1,3,Score: 38,Score: 35
31,SUGG,1,4,Score: 38,Score: 34
31,SUGG,1,5,Score: 39,Score: 34
31,SUGG,1,6,Score: 37,Score: 35
31,SUGG,1,7,Score: 38,Score: 35
31,SUGG,1,8,Score: 38,Score: 35
31,SUGG,1,9,Score: 38,Score: 35
31,SUGG,1,10,Score: 39,Score: 34
32,COMM,1,1,Score: 38,Score: 38
32,COMM,1,2,Score: 35,Score: 35
32,COMM,1,3,Score: 38,Score: 35
32,COMM,1,4,Score: 38,Score: 38
32,COMM,1,5,Score: 38,Score: 35
32,COMM,1,6,Score: 38,Score: 35
32,COMM,1,7,Score: 39,Score: 34
32,COMM,1,8,Score: 38,Score: 34
32,COMM,1,9,Score: 35,Score: 35
32,COMM,1,10,Score: 40,Score: 35
32,COMM,2,1,Score: 38,Score: 35
32,COMM,2,2,Score: 39,Score: 35
32,COMM,2,3,Score: 39,Score: 35
32,COMM,2,4,Score: 38,Score: 40
32,COMM,2,5,Score: 38,Score: 35
32,COMM,2,6,Score: 38,Score: 38
32,COMM,2,7,Score: 39,Score: 38
32,COMM,2,8,Score: 40,Score: 35
32,COMM,2,9,Score: 40,Score: 38
32,COMM,2,10,Score: 40,Score: 38
32,COMM,3,1,Score: 36,Score: 35
32,COMM,3,2,Score: 39,Score: 35
32,COMM,3,3,Score: 38,Score: 35
32,COMM,3,4,Score: 38,Score: 34
32,COMM,3,5,Score: 35,Score: 35
32,COMM,3,6,Score: 36,Score: 35
32,COMM,3,7,Score: 37,Score: 35
32,COMM,3,8,Score: 35,Score: 35
32,COMM,3,9,Score: 38,Score: 35
32,COMM,3,10,Score: 38,Score: 35
32,COMM,4,1,Score: 40,Score: 38
32,COMM,4,2,Score: 40,Score: 38
32,COMM,4,3,Score: 39,Score: 35
32,COMM,4,4,Score: 40,Score: 37
32,COMM,4,5,Score: 38,Score: 35
32,COMM,4,6,Score: 38,Score: 38
32,COMM,4,7,Score: 40,Score: 35
32,COMM,4,8,Score: 38,Score: 35
32,COMM,4,9,Score: 35,Score: 38
32,COMM,4,10,Score: 40,Score: 35
32,COMM,5,1,Score: 38,Score: 35
32,COMM,5,2,Score: 40,Score: 36
32,COMM,5,3,Score: 38,Score: 40
32,COMM,5,4,Score: 40,Score: 35
32,COMM,5,5,Score: 39,Score: 38
32,COMM,5,6,Score: 38,Score: 40
32,COMM,5,7,Score: 40,Score: 35
32,COMM,5,8,Score: 39,Score: 35
32,COMM,5,9,Score: 35,Score: 35
32,COMM,5,10,Score: 39,Score: 35
33,NARR,1,1,Score: 38,Score: 36
33,NARR,1,2,Score: 36,Score: 32
33,NARR,1,3,Score: 36,Score: 34
33,NARR,1,4,Score: 38,Score: 35
33,NARR,2,1,Score: 38,Score: 35
33,NARR,2,2,Score: 35,Score: 36
33,NARR,2,3,Score: 35,Score: 34
33,NARR,2,4,Score: 34,Score: 36
33,NARR,3,1,Score: 36,Score: 36
33,NARR,3,2,Score: 38,Score: 35
33,NARR,3,3,Score: 35,Score: 28
33,NARR,3,4,Score: 35,Score: 35
34,NARR,1,1,Score: 36,Score: 35
34,NARR,1,2,Score: 32,Score: 30
34,NARR,1,3,Score: 32,Score: 30
34,NARR,1,4,Score: 28,Score: 34
34,NARR,2,1,Score: 31,Score: 30
34,NARR,2,2,Score: 35,Score: 34
34,NARR,2,3,Score: 30,Score: 30
34,NARR,2,4,Score: 30,Score: 35
34,NARR,3,1,Score: 35,Score: 30
34,NARR,3,2,Score: 30,Score: 35
34,NARR,3,3,Score: 35,Score: 35
34,NARR,3,4,Score: 32,Score: 35
35,LETT,1,1,Score: 35,Score: 34
35,LETT,1,2,Score: 38,Score: 36
35,LETT,1,3,Score: 35,Score: 35
35,LETT,1,4,Score: 30,Score: 30
35,LETT,2,1,Score: 32,Score: 30
35,LETT,2,2,Score: 35,Score: 35
35,LETT,2,3,Score: 30,Score: 34
35,LETT,2,4,Score: 30,Score: 32
35,LETT,3,1,Score: 35,Score: 35
35,LETT,3,2,Score: 35,Score: 30
35,LETT,3,3,Score: 35,Score: 30
35,LETT,3,4,Score: 30,Score: 30
36,COMM,1,0,Score: 35,Score: 35
36,COMM,1,1,Score: 34,Score: 30
36,COMM,1,2,Score: 35,Score: 35
36,COMM,1,3,Score: 37,Score: 35
36,COMM,2,0,Score: 35,Score: 34
36,COMM,2,1,Score: 35,Score: 35
36,COMM,2,2,Score: 35,Score: 35
36,COMM,2,3,Score: 30,Score: 35
36,COMM,3,0,Score: 34,Score: 36
36,COMM,3,1,Score: 35,Score: 34
36,COMM,3,2,Score: 35,Score: 34
36,COMM,3,3,Score: 35,Score: 35
37,ARG,1,1,Score: 35,Score: 38
37,ARG,1,2,Score: 35,Score: 36
37,ARG,1,3,Score: 35,Score: 37
37,ARG,1,4,Score: 35,Score: 40
37,ARG,1,5,Score: 35,Score: 37
37,ARG,1,6,Score: 35,Score: 40
37,ARG,1,7,Score: 35,Score: 40
37,ARG,1,8,Score: 35,Score: 36
37,ARG,1,9,Score: 35,Score: 36
37,ARG,1,10,Score: 35,Score: 37
37,ARG,2,1,Score: 35,Score: 36
37,ARG,2,2,Score: 35,Score: 37
37,ARG,2,3,Score: 35,Score: 35
37,ARG,2,4,Score: 35,Score: 37
37,ARG,2,5,Score: 35,Score: 36
37,ARG,2,6,Score: 35,Score: 40
37,ARG,2,7,Score: 35,Score: 37
37,ARG,2,8,Score: 34,Score: 35
37,ARG,2,9,Score: 35,Score: 40
37,ARG,2,10,Score: 34,Score: 36
37,ARG,3,1,Score: 38,Score: 35
37,ARG,3,2,Score: 38,Score: 37
37,ARG,3,3,Score: 38,Score: 36
37,ARG,3,4,Score: 30,Score: 39
37,ARG,3,5,Score: 36,Score: 35
37,ARG,3,6,Score: 38,Score: 36
37,ARG,3,7,Score: 36,Score: 37
37,ARG,3,8,Score: 38,Score: 36
37,ARG,3,9,Score: 37,Score: 34
37,ARG,3,10,Score: 38,Score: 35
37,ARG,4,1,Score: 30,Score: 35
37,ARG,4,2,Score: 34,Score: 36
37,ARG,4,3,Score: 35,Score: 39
37,ARG,4,4,Score: 35,Score: 39
37,ARG,4,5,Score: 38,Score: 37
37,ARG,4,6,Score: 34,Score: 38
37,ARG,4,7,Score: 35,Score: 37
37,ARG,4,8,Score: 35,Score: 36
37,ARG,4,9,Score: 34,Score: 35
37,ARG,4,10,Score: 35,Score: 35
37,ARG,5,1,Score: 30,Score: 35
37,ARG,5,2,Score: 35,Score: 35
37,ARG,5,3,Score: 35,Score: 39
37,ARG,5,4,Score: 34,Score: 37
37,ARG,5,5,Score: 35,Score: 38
37,ARG,5,6,Score: 35,Score: 35
37,ARG,5,7,Score: 35,Score: 37
37,ARG,5,8,Score: 35,Score: 37
37,ARG,5,9,Score: 34,Score: 35
37,ARG,5,10,Score: 35,Score: 37
38,ARG,1,1,Score: 36,Score: 35
38,ARG,1,2,Score: 35,Score: 35
38,ARG,1,3,Score: 38,Score: 35
38,ARG,1,4,Score: 36,Score: 35
38,ARG,1,5,Score: 38,Score: 35
38,ARG,1,6,Score: 35,Score: 35
38,ARG,1,7,Score: 35,Score: 35
38,ARG,1,8,Score: 38,Score: 37
38,ARG,1,9,Score: 38,Score: 35
38,ARG,1,10,Score: 36,Score: 35
38,ARG,2,1,Score: 35,Score: 35
38,ARG,2,2,Score: 35,Score: 35
38,ARG,2,3,Score: 38,Score: 35
38,ARG,2,4,Score: 35,Score: 35
38,ARG,2,5,Score: 38,Score: 35
38,ARG,2,6,Score: 37,Score: 35
38,ARG,2,7,Score: 35,Score: 36
38,ARG,2,8,Score: 37,Score: 35
38,ARG,2,9,Score: 37,Score: 38
38,ARG,2,10,Score: 38,Score: 36
38,ARG,3,1,Score: 38,Score: 35
38,ARG,3,2,Score: 35,Score: 35
38,ARG,3,3,Score: 38,Score: 38
38,ARG,3,4,Score: 38,Score: 35
38,ARG,3,5,Score: 35,Score: 35
38,ARG,3,6,Score: 38,Score: 35
38,ARG,3,7,Score: 38,Score: 35
38,ARG,3,8,Score: 38,Score: 35
38,ARG,3,9,Score: 37,Score: 35
38,ARG,3,10,Score: 39,Score: 35
38,ARG,4,1,Score: 35,Score: 36
38,ARG,4,2,Score: 36,Score: 28
38,ARG,4,3,Score: 38,Score: 35
38,ARG,4,4,Score: 35,Score: 35
38,ARG,4,5,Score: 35,Score: 35
38,ARG,4,6,Score: 35,Score: 35
38,ARG,4,7,Score: 36,Score: 35
38,ARG,4,8,Score: 35,Score: 35
38,ARG,4,9,Score: 35,Score: 35
38,ARG,4,10,Score: 36,Score: 35
38,ARG,5,1,Score: 35,Score: 34
38,ARG,5,2,Score: 38,Score: 38
38,ARG,5,3,Score: 35,Score: 35
38,ARG,5,4,Score: 35,Score: 35
38,ARG,5,5,Score: 35,Score: 35
38,ARG,5,6,Score: 35,Score: 35
38,ARG,5,7,Score: 35,Score: 35
38,ARG,5,8,Score: 36,Score: 35
38,ARG,5,9,Score: 35,Score: 35
38,ARG,5,10,Score: 34,Score: 35
39,LETT,1,0,Score: 35,Score: 32
39,LETT,1,1,Score: 34,Score: 30
39,LETT,1,2,Score: 35,Score: 32
39,LETT,1,3,Score: 32,Score: 30
39,LETT,2,0,Score: 30,Score: 35
39,LETT,2,1,Score: 35,Score: 30
39,LETT,2,2,Score: 35,Score: 30
39,LETT,2,3,Score: 35,Score: 27
39,LETT,3,0,Score: 35,Score: 30
39,LETT,3,1,Score: 35,Score: 32
39,LETT,3,2,Score: 30,Score: 28
39,LETT,3,3,Score: 30,Score: 30
40,NARR,1,1,Score: 30,Score: 30
40,NARR,1,2,Score: 30,Score: 30
40,NARR,1,3,Score: 28,Score: 25
40,NARR,1,4,Score: 30,Score: 28
40,NARR,2,1,Score: 25,Score: 30
40,NARR,2,2,Score: 30,Score: 30
40,NARR,2,3,Score: 25,Score: 30
40,NARR,2,4,Score: 28,Score: 30
40,NARR,3,1,Score: 35,Score: 30
40,NARR,3,2,Score: 25,Score: 30
40,NARR,3,3,Score: 25,Score: 20
40,NARR,3,4,Score: 30,Score: 25
41,ARG,1,0,Score: 38,Score: 34
41,ARG,1,1,Score: 35,Score: 38
41,ARG,1,2,Score: 38,Score: 35
41,ARG,1,3,Score: 35,Score: 38
41,ARG,2,0,Score: 30,Score: 38
41,ARG,2,1,Score: 35,Score: 35
41,ARG,2,2,Score: 38,Score: 35
41,ARG,2,3,Score: 37,Score: 35
41,ARG,3,0,Score: 35,Score: 35
41,ARG,3,1,Score: 30,Score: 39
41,ARG,3,2,Score: 35,Score: 35
41,ARG,3,3,Score: 35,Score: 35
42,ARG,1,1,Score: 35,Score: 35
42,ARG,1,2,Score: 30,Score: 33
42,ARG,1,3,Score: 34,Score: 30
42,ARG,1,4,Score: 34,Score: 30
42,ARG,2,1,Score: 35,Score: 35
42,ARG,2,2,Score: 30,Score: 30
42,ARG,2,3,Score: 37,Score: 34
42,ARG,2,4,Score: 38,Score: 35
42,ARG,3,1,Score: 35,Score: 35
42,ARG,3,2,Score: 36,Score: 30
42,ARG,3,3,Score: 36,Score: 35
42,ARG,3,4,Score: 35,Score: 35
43,LETT,1,1,Score: 36,Score: 34
43,LETT,1,2,Score: 38,Score: 35
43,LETT,1,3,Score: 35,Score: 36
43,LETT,1,4,Score: 35,Score: 35
43,LETT,1,5,Score: 30,Score: 35
43,LETT,1,6,Score: 35,Score: 38
43,LETT,1,7,Score: 35,Score: 35
43,LETT,1,8,Score: 35,Score: 35
43,LETT,1,9,Score: 35,Score: 35
43,LETT,1,10,Score: 35,Score: 35
43,LETT,2,1,Score: 38,Score: 32
43,LETT,2,2,Score: 35,Score: 35
43,LETT,2,3,Score: 30,Score: 38
43,LETT,2,4,Score: 37,Score: 38
43,LETT,2,5,Score: 35,Score: 35
43,LETT,2,6,Score: 32,Score: 35
43,LETT,2,7,Score: 37,Score: 35
43,LETT,2,8,Score: 38,Score: 35
43,LETT,2,9,Score: 35,Score: 35
43,LETT,2,10,Score: 35,Score: 30
43,LETT,3,1,Score: 30,Score: 35
43,LETT,3,2,Score: 30,Score: 35
43,LETT,3,3,Score: 35,Score: 35
43,LETT,3,4,Score: 34,Score: 35
43,LETT,3,5,Score: 35,Score: 30
43,LETT,3,6,Score: 34,Score: 35
43,LETT,3,7,Score: 35,Score: 38
43,LETT,3,8,Score: 35,Score: 34
43,LETT,3,9,Score: 35,Score: 34
43,LETT,3,10,Score: 35,Score: 35
43,LETT,4,1,Score: 35,Score: 35
43,LETT,4,2,Score: 35,Score: 30
43,LETT,4,3,Score: 35,Score: 35
43,LETT,4,4,Score: 32,Score: 37
43,LETT,4,5,Score: 35,Score: 35
43,LETT,4,6,Score: 35,Score: 35
43,LETT,4,7,Score: 30,Score: 35
43,LETT,4,8,Score: 35,Score: 35
43,LETT,4,9,Score: 35,Score: 30
43,LETT,4,10,Score: 35,Score: 35
43,LETT,5,1,Score: 35,Score: 35
43,LETT,5,2,Score: 35,Score: 32
43,LETT,5,3,Score: 35,Score: 34
43,LETT,5,4,Score: 35,Score: 32
43,LETT,5,5,Score: 35,Score: 30
43,LETT,5,6,Score: 32,Score: 30
43,LETT,5,7,Score: 35,Score: 35
43,LETT,5,8,Score: 35,Score: 36
43,LETT,5,9,Score: 30,Score: 34
43,LETT,5,10,Score: 35,Score: 35
44,COMM,1,0,Score: 37,Score: 35
44,COMM,1,1,Score: 38,Score: 38
44,COMM,1,2,Score: 35,Score: 35
44,COMM,1,3,Score: 35,Score: 33
44,COMM,1,4,Score: 35,Score: 34
44,COMM,1,5,Score: 38,Score: 38
44,COMM,1,6,Score: 38,Score: 38
44,COMM,1,7,Score: 35,Score: 34
44,COMM,1,8,Score: 35,Score: 35
44,COMM,1,9,Score: 38,Score: 35
44,COMM,1,0,Score: 38,Score: 38
44,COMM,1,1,Score: 37,Score: 34
44,COMM,1,2,Score: 38,Score: 35
44,COMM,1,3,Score: 35,Score: 38
44,COMM,1,4,Score: 38,Score: 35
44,COMM,1,5,Score: 35,Score: 30
44,COMM,1,6,Score: 38,Score: 38
44,COMM,1,7,Score: 36,Score: 35
44,COMM,1,8,Score: 38,Score: 39
44,COMM,1,9,Score: 38,Score: 38
44,COMM,1,0,Score: 35,Score: 35
44,COMM,1,1,Score: 35,Score: 32
44,COMM,1,2,Score: 35,Score: 35
44,COMM,1,3,Score: 38,Score: 33
44,COMM,1,4,Score: 38,Score: 34
44,COMM,1,5,Score: 36,Score: 32
44,COMM,1,6,Score: 35,Score: 35
44,COMM,1,7,Score: 35,Score: 37
44,COMM,1,8,Score: 38,Score: 35
44,COMM,1,9,Score: 36,Score: 34
44,COMM,1,0,Score: 35,Score: 35
44,COMM,1,1,Score: 35,Score: 37
44,COMM,1,2,Score: 35,Score: 35
44,COMM,1,3,Score: 38,Score: 30
44,COMM,1,4,Score: 35,Score: 34
44,COMM,1,5,Score: 38,Score: 34
44,COMM,1,6,Score: 36,Score: 36
44,COMM,1,7,Score: 36,Score: 34
44,COMM,1,8,Score: 35,Score: 35
44,COMM,1,9,Score: 36,Score: 34
44,COMM,1,0,Score: 36,Score: 35
44,COMM,1,1,Score: 35,Score: 38
44,COMM,1,2,Score: 35,Score: 35
44,COMM,1,3,Score: 35,Score: 38
44,COMM,1,4,Score: 38,Score: 36
44,COMM,1,5,Score: 35,Score: 37
44,COMM,1,6,Score: 35,Score: 35
44,COMM,1,7,Score: 36,Score: 38
44,COMM,1,8,Score: 35,Score: 38
44,COMM,1,9,Score: 36,Score: 34
45,LETT,1,1,Score: 30,Score: 30
45,LETT,1,2,Score: 35,Score: 30
45,LETT,1,3,Score: 36,Score: 29
45,LETT,1,4,Score: 34,Score: 35
45,LETT,2,1,Score: 30,Score: 28
45,LETT,2,2,Score: 30,Score: 30
45,LETT,2,3,Score: 35,Score: 35
45,LETT,2,4,Score: 30,Score: 30
45,LETT,3,1,Score: 30,Score: 35
45,LETT,3,2,Score: 35,Score: 30
45,LETT,3,3,Score: 30,Score: 35
45,LETT,3,4,Score: 30,Score: 28
46,SUGG,1,1,Score: 30,Score: 35
46,SUGG,1,2,Score: 30,Score: 35
46,SUGG,1,3,Score: 35,Score: 28
46,SUGG,1,4,Score: 35,Score: 35
46,SUGG,2,1,Score: 35,Score: 32
46,SUGG,2,2,Score: 35,Score: 32
46,SUGG,2,3,Score: 36,Score: 30
46,SUGG,2,4,Score: 35,Score: 28
46,SUGG,3,1,Score: 35,Score: 34
46,SUGG,3,2,Score: 35,Score: 38
46,SUGG,3,3,Score: 36,Score: 35
46,SUGG,3,4,Score: 35,Score: 35
47,NARR,1,1,Score: 35,Score: 25
47,NARR,1,2,Score: 26,Score: 29
47,NARR,1,3,Score: 35,Score: 28
47,NARR,1,4,Score: 30,Score: 30
47,NARR,2,1,Score: 30,Score: 31
47,NARR,2,2,Score: 30,Score: 30
47,NARR,2,3,Score: 35,Score: 30
47,NARR,2,4,Score: 30,Score: 25
47,NARR,3,1,Score: 27,Score: 22
47,NARR,3,2,Score: 30,Score: 35
47,NARR,3,3,Score: 35,Score: 35
47,NARR,3,4,Score: 34,Score: 28
48,LETT,1,1,Score: 35,Score: 35
48,LETT,1,2,Score: 35,Score: 27
48,LETT,1,3,Score: 30,Score: 30
48,LETT,1,4,Score: 30,Score: 30
48,LETT,2,1,Score: 35,Score: 36
48,LETT,2,2,Score: 34,Score: 34
48,LETT,2,3,Score: 36,Score: 35
48,LETT,2,4,Score: 35,Score: 36
48,LETT,3,1,Score: 30,Score: 30
48,LETT,3,2,Score: 35,Score: 30
48,LETT,3,3,Score: 35,Score: 27
48,LETT,3,4,Score: 35,Score: 30
49,ARG,1,0,Score: 35,Score: 38
49,ARG,1,1,Score: 38,Score: 35
49,ARG,1,2,Score: 38,Score: 38
49,ARG,1,3,Score: 37,Score: 38
49,ARG,1,4,Score: 35,Score: 35
49,ARG,1,5,Score: 38,Score: 35
49,ARG,1,6,Score: 35,Score: 37
49,ARG,1,7,Score: 37,Score: 35
49,ARG,1,8,Score: 35,Score: 35
49,ARG,1,9,Score: 38,Score: 35
49,ARG,1,0,Score: 37,Score: 36
49,ARG,1,1,Score: 38,Score: 35
49,ARG,1,2,Score: 34,Score: 36
49,ARG,1,3,Score: 35,Score: 35
49,ARG,1,4,Score: 38,Score: 36
49,ARG,1,5,Score: 38,Score: 35
49,ARG,1,6,Score: 35,Score: 35
49,ARG,1,7,Score: 38,Score: 37
49,ARG,1,8,Score: 38,Score: 36
49,ARG,1,9,Score: 37,Score: 35
49,ARG,1,0,Score: 38,Score: 35
49,ARG,1,1,Score: 38,Score: 35
49,ARG,1,2,Score: 38,Score: 35
49,ARG,1,3,Score: 34,Score: 35
49,ARG,1,4,Score: 35,Score: 35
49,ARG,1,5,Score: 38,Score: 35
49,ARG,1,6,Score: 38,Score: 35
49,ARG,1,7,Score: 36,Score: 35
49,ARG,1,8,Score: 35,Score: 36
49,ARG,1,9,Score: 36,Score: 35
49,ARG,1,0,Score: 38,Score: 35
49,ARG,1,1,Score: 35,Score: 35
49,ARG,1,2,Score: 35,Score: 35
49,ARG,1,3,Score: 38,Score: 38
49,ARG,1,4,Score: 37,Score: 35
49,ARG,1,5,Score: 38,Score: 35
49,ARG,1,6,Score: 35,Score: 35
49,ARG,1,7,Score: 38,Score: 35
49,ARG,1,8,Score: 35,Score: 35
49,ARG,1,9,Score: 35,Score: 35
49,ARG,1,0,Score: 38,Score: 35
49,ARG,1,1,Score: 35,Score: 35
49,ARG,1,2,Score: 35,Score: 35
49,ARG,1,3,Score: 35,Score: 35
49,ARG,1,4,Score: 35,Score: 35
49,ARG,1,5,Score: 30,Score: 35
49,ARG,1,6,Score: 35,Score: 35
49,ARG,1,7,Score: 30,Score: 35
49,ARG,1,8,Score: 35,Score: 35
49,ARG,1,9,Score: 35,Score: 28
50,ARG,1,1,Score: 35,Score: 35
50,ARG,1,2,Score: 35,Score: 35
50,ARG,1,3,Score: 35,Score: 35
50,ARG,1,4,Score: 35,Score: 35
50,ARG,1,5,Score: 34,Score: 35
50,ARG,1,6,Score: 38,Score: 36
50,ARG,1,7,Score: 35,Score: 35
50,ARG,1,8,Score: 35,Score: 37
50,ARG,1,9,Score: 35,Score: 35
50,ARG,1,10,Score: 30,Score: 35
50,ARG,2,1,Score: 36,Score: 37
50,ARG,2,2,Score: 37,Score: 35
50,ARG,2,3,Score: 35,Score: 35
50,ARG,2,4,Score: 38,Score: 35
50,ARG,2,5,Score: 35,Score: 35
50,ARG,2,6,Score: 35,Score: 35
50,ARG,2,7,Score: 35,Score: 35
50,ARG,2,8,Score: 38,Score: 35
50,ARG,2,9,Score: 38,Score: 35
50,ARG,2,10,Score: 38,Score: 38
50,ARG,3,1,Score: 35,Score: 35
50,ARG,3,2,Score: 35,Score: 35
50,ARG,3,3,Score: 35,Score: 35
50,ARG,3,4,Score: 35,Score: 35
50,ARG,3,5,Score: 35,Score: 35
50,ARG,3,6,Score: 38,Score: 36
50,ARG,3,7,Score: 35,Score: 35
50,ARG,3,8,Score: 30,Score: 35
50,ARG,3,9,Score: 35,Score: 35
50,ARG,3,10,Score: 35,Score: 35
50,ARG,4,1,Score: 36,Score: 35
50,ARG,4,2,Score: 35,Score: 35
50,ARG,4,3,Score: 35,Score: 35
50,ARG,4,4,Score: 34,Score: 35
50,ARG,4,5,Score: 35,Score: 35
50,ARG,4,6,Score: 35,Score: 35
50,ARG,4,7,Score: 35,Score: 35
50,ARG,4,8,Score: 35,Score: 35
50,ARG,4,9,Score: 35,Score: 34
50,ARG,4,10,Score: 35,Score: 35
50,ARG,5,1,Score: 35,Score: 35
50,ARG,5,2,Score: 35,Score: 34
50,ARG,5,3,Score: 36,Score: 35
50,ARG,5,4,Score: 36,Score: 36
50,ARG,5,5,Score: 35,Score: 35
50,ARG,5,6,Score: 35,Score: 35
50,ARG,5,7,Score: 38,Score: 36
50,ARG,5,8,Score: 35,Score: 35
50,ARG,5,9,Score: 38,Score: 36
50,ARG,5,10,Score: 36,Score: 35
51,LETT,1,0,Score: 38,Score: 30
51,LETT,1,1,Score: 34,Score: 35
51,LETT,1,2,Score: 35,Score: 32
51,LETT,1,3,Score: 30,Score: 32
51,LETT,2,0,Score: 36,Score: 30
51,LETT,2,1,Score: 37,Score: 32
51,LETT,2,2,Score: 35,Score: 32
51,LETT,2,3,Score: 30,Score: 34
51,LETT,3,0,Score: 35,Score: 35
51,LETT,3,1,Score: 35,Score: 34
51,LETT,3,2,Score: 35,Score: 30
51,LETT,3,3,Score: 30,Score: 30
52,SUGG,1,1,Score: 38,Score: 35
52,SUGG,1,2,Score: 38,Score: 34
52,SUGG,1,3,Score: 30,Score: 34
52,SUGG,1,4,Score: 38,Score: 34
52,SUGG,2,1,Score: 30,Score: 35
52,SUGG,2,2,Score: 35,Score: 30
52,SUGG,2,3,Score: 37,Score: 35
52,SUGG,2,4,Score: 34,Score: 34
52,SUGG,3,1,Score: 35,Score: 34
52,SUGG,3,2,Score: 35,Score: 35
52,SUGG,3,3,Score: 35,Score: 34
52,SUGG,3,4,Score: 35,Score: 34
53,LETT,1,0,Score: 35,Score: 35
53,LETT,1,1,Score: 35,Score: 29
53,LETT,1,2,Score: 34,Score: 38
53,LETT,1,3,Score: 28,Score: 38
53,LETT,2,0,Score: 25,Score: 30
53,LETT,2,1,Score: 30,Score: 32
53,LETT,2,2,Score: 30,Score: 30
53,LETT,2,3,Score: 35,Score: 30
53,LETT,3,0,Score: 35,Score: 35
53,LETT,3,1,Score: 30,Score: 35
53,LETT,3,2,Score: 28,Score: 35
53,LETT,3,3,Score: 32,Score: 37
54,COMM,1,1,Score: 30,Score: 35
54,COMM,1,2,Score: 35,Score: 37
54,COMM,1,3,Score: 35,Score: 35
54,COMM,1,4,Score: 35,Score: 36
54,COMM,2,1,Score: 38,Score: 36
54,COMM,2,2,Score: 36,Score: 38
54,COMM,2,3,Score: 38,Score: 38
54,COMM,2,4,Score: 38,Score: 35
54,COMM,3,1,Score: 35,Score: 35
54,COMM,3,2,Score: 35,Score: 35
54,COMM,3,3,Score: 35,Score: 36
54,COMM,3,4,Score: 34,Score: 36
55,ARG,1,1,Score: 35,Score: 38
55,ARG,1,2,Score: 38,Score: 37
55,ARG,1,3,Score: 38,Score: 35
55,ARG,1,4,Score: 34,Score: 35
55,ARG,1,5,Score: 35,Score: 35
55,ARG,1,6,Score: 35,Score: 35
55,ARG,1,7,Score: 38,Score: 35
55,ARG,1,8,Score: 38,Score: 35
55,ARG,1,9,Score: 38,Score: 35
55,ARG,1,10,Score: 38,Score: 35
55,ARG,1,1,Score: 38,Score: 38
55,ARG,1,2,Score: 38,Score: 38
55,ARG,1,3,Score: 37,Score: 38
55,ARG,1,4,Score: 36,Score: 35
55,ARG,1,5,Score: 38,Score: 38
55,ARG,1,6,Score: 38,Score: 38
55,ARG,1,7,Score: 39,Score: 35
55,ARG,1,8,Score: 35,Score: 36
55,ARG,1,9,Score: 35,Score: 35
55,ARG,1,10,Score: 35,Score: 37
55,ARG,1,1,Score: 35,Score: 38
55,ARG,1,2,Score: 36,Score: 38
55,ARG,1,3,Score: 37,Score: 35
55,ARG,1,4,Score: 35,Score: 35
55,ARG,1,5,Score: 38,Score: 38
55,ARG,1,6,Score: 38,Score: 35
55,ARG,1,7,Score: 35,Score: 38
55,ARG,1,8,Score: 38,Score: 35
55,ARG,1,9,Score: 38,Score: 35
55,ARG,1,10,Score: 38,Score: 38
55,ARG,1,1,Score: 38,Score: 38
55,ARG,1,2,Score: 37,Score: 35
55,ARG,1,3,Score: 35,Score: 36
55,ARG,1,4,Score: 36,Score: 35
55,ARG,1,5,Score: 38,Score: 35
55,ARG,1,6,Score: 37,Score: 36
55,ARG,1,7,Score: 35,Score: 38
55,ARG,1,8,Score: 39,Score: 35
55,ARG,1,9,Score: 35,Score: 35
55,ARG,1,10,Score: 38,Score: 37
55,ARG,1,1,Score: 38,Score: 37
55,ARG,1,2,Score: 35,Score: 38
55,ARG,1,3,Score: 35,Score: 38
55,ARG,1,4,Score: 36,Score: 35
55,ARG,1,5,Score: 36,Score: 38
55,ARG,1,6,Score: 35,Score: 37
55,ARG,1,7,Score: 35,Score: 36
55,ARG,1,8,Score: 39,Score: 38
55,ARG,1,9,Score: 35,Score: 35
55,ARG,1,10,Score: 38,Score: 37
56,ARG,1,1,Score: 35,Score: 36
56,ARG,1,2,Score: 38,Score: 36
56,ARG,1,3,Score: 35,Score: 37
56,ARG,1,4,Score: 36,Score: 35
56,ARG,1,5,Score: 38,Score: 35
56,ARG,1,6,Score: 35,Score: 36
56,ARG,1,7,Score: 38,Score: 36
56,ARG,1,8,Score: 36,Score: 35
56,ARG,1,9,Score: 34,Score: 37
56,ARG,1,10,Score: 38,Score: 35
56,ARG,1,1,Score: 38,Score: 39
56,ARG,1,2,Score: 38,Score: 38
56,ARG,1,3,Score: 38,Score: 38
56,ARG,1,4,Score: 34,Score: 36
56,ARG,1,5,Score: 37,Score: 37
56,ARG,1,6,Score: 38,Score: 38
56,ARG,1,7,Score: 38,Score: 38
56,ARG,1,8,Score: 37,Score: 38
56,ARG,1,9,Score: 34,Score: 37
56,ARG,1,10,Score: 38,Score: 35
56,ARG,1,1,Score: 38,Score: 38
56,ARG,1,2,Score: 37,Score: 36
56,ARG,1,3,Score: 38,Score: 35
56,ARG,1,4,Score: 38,Score: 38
56,ARG,1,5,Score: 38,Score: 35
56,ARG,1,6,Score: 36,Score: 38
56,ARG,1,7,Score: 38,Score: 37
56,ARG,1,8,Score: 38,Score: 37
56,ARG,1,9,Score: 38,Score: 36
56,ARG,1,10,Score: 38,Score: 37
56,ARG,1,1,Score: 35,Score: 30
56,ARG,1,2,Score: 38,Score: 37
56,ARG,1,3,Score: 35,Score: 38
56,ARG,1,4,Score: 36,Score: 38
56,ARG,1,5,Score: 38,Score: 35
56,ARG,1,6,Score: 38,Score: 38
56,ARG,1,7,Score: 35,Score: 35
56,ARG,1,8,Score: 35,Score: 35
56,ARG,1,9,Score: 37,Score: 35
56,ARG,1,10,Score: 38,Score: 36
56,ARG,1,1,Score: 38,Score: 38
56,ARG,1,2,Score: 38,Score: 30
56,ARG,1,3,Score: 38,Score: 35
56,ARG,1,4,Score: 37,Score: 36
56,ARG,1,5,Score: 35,Score: 36
56,ARG,1,6,Score: 38,Score: 35
56,ARG,1,7,Score: 36,Score: 36
56,ARG,1,8,Score: 35,Score: 35
56,ARG,1,9,Score: 38,Score: 36
56,ARG,1,10,Score: 37,Score: 36
58,COMM,1,1,Score: 36,Score: 30
58,COMM,1,2,Score: 38,Score: 30
58,COMM,1,3,Score: 32,Score: 30
58,COMM,1,4,Score: 38,Score: 30
58,COMM,2,1,Score: 35,Score: 30
58,COMM,2,2,Score: 40,Score: 38
58,COMM,2,3,Score: 38,Score: 30
58,COMM,2,4,Score: 38,Score: 30
58,COMM,3,1,Score: 34,Score: 30
58,COMM,3,2,Score: 35,Score: 30
58,COMM,3,3,Score: 35,Score: 30
58,COMM,3,4,Score: 38,Score: 30
59,ARG,1,1,Score: 28,Score: 27
59,ARG,1,2,Score: 30,Score: 26
59,ARG,1,3,Score: 34,Score: 28
59,ARG,1,4,Score: 30,Score: 27
59,ARG,2,1,Score: 34,Score: 26
59,ARG,2,2,Score: 30,Score: 26
59,ARG,2,3,Score: 34,Score: 30
59,ARG,2,4,Score: 29,Score: 27
59,ARG,3,1,Score: 35,Score: 28
59,ARG,3,2,Score: 32,Score: 28
59,ARG,3,3,Score: 35,Score: 28
59,ARG,3,4,Score: 30,Score: 27
61,ARG,1,1,Score: 36,Score: 35
61,ARG,1,2,Score: 35,Score: 30
61,ARG,1,3,Score: 38,Score: 34
61,ARG,1,4,Score: 38,Score: 35
61,ARG,1,5,Score: 38,Score: 35
61,ARG,1,6,Score: 38,Score: 35
61,ARG,1,7,Score: 38,Score: 28
61,ARG,1,8,Score: 38,Score: 34
61,ARG,1,9,Score: 36,Score: 30
61,ARG,1,10,Score: 38,Score: 34
61,ARG,1,1,Score: 37,Score: 32
61,ARG,1,2,Score: 35,Score: 30
61,ARG,1,3,Score: 36,Score: 34
61,ARG,1,4,Score: 37,Score: 35
61,ARG,1,5,Score: 38,Score: 28
61,ARG,1,6,Score: 38,Score: 30
61,ARG,1,7,Score: 40,Score: 35
61,ARG,1,8,Score: 35,Score: 32
61,ARG,1,9,Score: 35,Score: 30
61,ARG,1,10,Score: 35,Score: 35
61,ARG,1,1,Score: 35,Score: 32
61,ARG,1,2,Score: 38,Score: 34
61,ARG,1,3,Score: 38,Score: 35
61,ARG,1,4,Score: 39,Score: 35
61,ARG,1,5,Score: 35,Score: 34
61,ARG,1,6,Score: 38,Score: 30
61,ARG,1,7,Score: 38,Score: 32
61,ARG,1,8,Score: 39,Score: 34
61,ARG,1,9,Score: 35,Score: 35
61,ARG,1,10,Score: 38,Score: 35
61,ARG,1,1,Score: 34,Score: 25
61,ARG,1,2,Score: 35,Score: 30
61,ARG,1,3,Score: 38,Score: 30
61,ARG,1,4,Score: 38,Score: 30
61,ARG,1,5,Score: 38,Score: 32
61,ARG,1,6,Score: 38,Score: 31
61,ARG,1,7,Score: 37,Score: 35
61,ARG,1,8,Score: 40,Score: 35
61,ARG,1,9,Score: 35,Score: 28
61,ARG,1,10,Score: 38,Score: 35
61,ARG,1,1,Score: 35,Score: 30
61,ARG,1,2,Score: 38,Score: 30
61,ARG,1,3,Score: 38,Score: 30
61,ARG,1,4,Score: 38,Score: 30
61,ARG,1,5,Score: 35,Score: 30
61,ARG,1,6,Score: 37,Score: 28
61,ARG,1,7,Score: 36,Score: 30
61,ARG,1,8,Score: 35,Score: 28
61,ARG,1,9,Score: 36,Score: 29
61,ARG,1,10,Score: 35,Score: 32
62,COMM,1,1,Score: 37,Score: 35
62,COMM,1,1,Score: 35,Score: 35
62,COMM,1,1,Score: 38,Score: 35
62,COMM,1,1,Score: 35,Score: 38
62,COMM,1,1,Score: 37,Score: 35
62,COMM,1,1,Score: 35,Score: 34
62,COMM,1,1,Score: 39,Score: 38
62,COMM,1,1,Score: 38,Score: 38
62,COMM,1,1,Score: 38,Score: 39
62,COMM,1,1,Score: 39,Score: 38
62,COMM,2,2,Score: 35,Score: 37
62,COMM,2,2,Score: 38,Score: 38
62,COMM,2,2,Score: 38,Score: 38
62,COMM,2,2,Score: 38,Score: 38
62,COMM,2,2,Score: 39,Score: 35
62,COMM,2,2,Score: 38,Score: 38
62,COMM,2,2,Score: 38,Score: 38
62,COMM,2,2,Score: 37,Score: 35
62,COMM,2,2,Score: 38,Score: 38
62,COMM,2,2,Score: 35,Score: 35
62,COMM,3,3,Score: 38,Score: 38
62,COMM,3,3,Score: 35,Score: 35
62,COMM,3,3,Score: 38,Score: 38
62,COMM,3,3,Score: 39,Score: 38
62,COMM,3,3,Score: 38,Score: 38
62,COMM,3,3,Score: 37,Score: 37
62,COMM,3,3,Score: 40,Score: 38
62,COMM,3,3,Score: 38,Score: 35
62,COMM,3,3,Score: 38,Score: 38
62,COMM,3,3,Score: 37,Score: 32
62,COMM,4,4,Score: 38,Score: 38
62,COMM,4,4,Score: 36,Score: 40
62,COMM,4,4,Score: 38,Score: 38
62,COMM,4,4,Score: 39,Score: 38
62,COMM,4,4,Score: 39,Score: 37
62,COMM,4,4,Score: 38,Score: 35
62,COMM,4,4,Score: 35,Score: 35
62,COMM,4,4,Score: 38,Score: 35
62,COMM,4,4,Score: 36,Score: 37
62,COMM,4,4,Score: 38,Score: 36
62,COMM,5,5,Score: 35,Score: 35
62,COMM,5,5,Score: 38,Score: 35
62,COMM,5,5,Score: 38,Score: 37
62,COMM,5,5,Score: 36,Score: 36
62,COMM,5,5,Score: 38,Score: 35
62,COMM,5,5,Score: 34,Score: 35
62,COMM,5,5,Score: 38,Score: 38
62,COMM,5,5,Score: 38,Score: 35
62,COMM,5,5,Score: 38,Score: 35
62,COMM,5,5,Score: 38,Score: 40
63,LETT,1,1,Score: 34,Score: 34
63,LETT,1,2,Score: 35,Score: 30
63,LETT,1,3,Score: 37,Score: 28
63,LETT,1,4,Score: 40,Score: 32
63,LETT,2,1,Score: 35,Score: 25
63,LETT,2,2,Score: 38,Score: 36
63,LETT,2,3,Score: 30,Score: 28
63,LETT,2,4,Score: 35,Score: 35
63,LETT,3,1,Score: 34,Score: 35
63,LETT,3,2,Score: 37,Score: 35
63,LETT,3,3,Score: 35,Score: 35
63,LETT,3,4,Score: 36,Score: 35
64,SUGG,1,0,Score: 38,Score: 30
64,SUGG,1,1,Score: 38,Score: 30
64,SUGG,1,2,Score: 37,Score: 35
64,SUGG,2,3,Score: 38,Score: 34
64,SUGG,2,0,Score: 39,Score: 31
64,SUGG,2,1,Score: 35,Score: 30
64,SUGG,2,2,Score: 38,Score: 30
64,SUGG,3,3,Score: 38,Score: 32
64,SUGG,3,0,Score: 35,Score: 30
64,SUGG,3,1,Score: 35,Score: 30
64,SUGG,3,2,Score: 30,Score: 30
64,SUGG,3,3,Score: 35,Score: 30
65,NARR,1,1,Score: 32,Score: 35
65,NARR,1,2,Score: 30,Score: 35
65,NARR,1,3,Score: 35,Score: 30
65,NARR,1,4,Score: 30,Score: 35
65,NARR,2,1,Score: 35,Score: 34
65,NARR,2,2,Score: 20,Score: 32
65,NARR,2,3,Score: 29,Score: 35
65,NARR,2,4,Score: 28,Score: 35
65,NARR,3,1,Score: 35,Score: 30
65,NARR,3,2,Score: 20,Score: 35
65,NARR,3,3,Score: 27,Score: 38
65,NARR,3,4,Score: 28,Score: 30
66,ARG,1,1,Score: 35,Score: 35
66,ARG,1,2,Score: 35,Score: 36
66,ARG,1,3,Score: 36,Score: 35
66,ARG,1,4,Score: 36,Score: 35
66,ARG,2,1,Score: 35,Score: 37
66,ARG,2,2,Score: 36,Score: 38
66,ARG,2,3,Score: 38,Score: 38
66,ARG,2,4,Score: 38,Score: 38
66,ARG,3,1,Score: 35,Score: 35
66,ARG,3,2,Score: 35,Score: 38
66,ARG,3,3,Score: 36,Score: 35
66,ARG,3,4,Score: 38,Score: 35
67,ARG,1,0,Score: 38,Score: 35
67,ARG,1,1,Score: 35,Score: 35
67,ARG,1,2,Score: 32,Score: 35
67,ARG,1,3,Score: 38,Score: 35
67,ARG,1,4,Score: 38,Score: 38
67,ARG,1,5,Score: 35,Score: 35
67,ARG,1,6,Score: 36,Score: 35
67,ARG,1,7,Score: 35,Score: 37
67,ARG,1,8,Score: 37,Score: 35
67,ARG,1,9,Score: 36,Score: 35
67,ARG,1,0,Score: 35,Score: 35
67,ARG,1,1,Score: 38,Score: 35
67,ARG,1,2,Score: 35,Score: 35
67,ARG,1,3,Score: 38,Score: 37
67,ARG,1,4,Score: 35,Score: 35
67,ARG,1,5,Score: 38,Score: 36
67,ARG,1,6,Score: 38,Score: 37
67,ARG,1,7,Score: 35,Score: 35
67,ARG,1,8,Score: 35,Score: 35
67,ARG,1,9,Score: 35,Score: 35
67,ARG,1,0,Score: 34,Score: 35
67,ARG,1,1,Score: 34,Score: 35
67,ARG,1,2,Score: 35,Score: 35
67,ARG,1,3,Score: 35,Score: 38
67,ARG,1,4,Score: 36,Score: 35
67,ARG,1,5,Score: 38,Score: 35
67,ARG,1,6,Score: 38,Score: 37
67,ARG,1,7,Score: 37,Score: 35
67,ARG,1,8,Score: 35,Score: 36
67,ARG,1,9,Score: 38,Score: 35
67,ARG,1,0,Score: 37,Score: 35
67,ARG,1,1,Score: 36,Score: 35
67,ARG,1,2,Score: 36,Score: 35
67,ARG,1,3,Score: 35,Score: 38
67,ARG,1,4,Score: 36,Score: 38
67,ARG,1,5,Score: 34,Score: 35
67,ARG,1,6,Score: 37,Score: 35
67,ARG,1,7,Score: 37,Score: 35
67,ARG,1,8,Score: 37,Score: 35
67,ARG,1,9,Score: 35,Score: 36
67,ARG,1,0,Score: 38,Score: 35
67,ARG,1,1,Score: 35,Score: 37
67,ARG,1,2,Score: 30,Score: 30
67,ARG,1,3,Score: 30,Score: 35
67,ARG,1,4,Score: 35,Score: 35
67,ARG,1,5,Score: 35,Score: 37
67,ARG,1,6,Score: 35,Score: 35
67,ARG,1,7,Score: 36,Score: 36
67,ARG,1,8,Score: 35,Score: 37
67,ARG,1,9,Score: 35,Score: 35
68,LETT,1,1,Score: 36,Score: 35
68,LETT,1,2,Score: 34,Score: 35
68,LETT,1,3,Score: 35,Score: 35
68,LETT,1,4,Score: 36,Score: 34
68,LETT,1,5,Score: 36,Score: 34
68,LETT,1,6,Score: 35,Score: 35
68,LETT,1,7,Score: 38,Score: 34
68,LETT,1,8,Score: 36,Score: 34
68,LETT,1,9,Score: 38,Score: 35
68,LETT,1,10,Score: 35,Score: 35
68,LETT,2,1,Score: 35,Score: 34
68,LETT,2,2,Score: 34,Score: 34
68,LETT,2,3,Score: 35,Score: 33
68,LETT,2,4,Score: 35,Score: 30
68,LETT,2,5,Score: 30,Score: 38
68,LETT,2,6,Score: 35,Score: 35
68,LETT,2,7,Score: 30,Score: 35
68,LETT,2,8,Score: 35,Score: 38
68,LETT,2,9,Score: 35,Score: 38
68,LETT,2,10,Score: 35,Score: 35
68,LETT,3,1,Score: 38,Score: 35
68,LETT,3,2,Score: 35,Score: 30
68,LETT,3,3,Score: 35,Score: 35
68,LETT,3,4,Score: 35,Score: 35
68,LETT,3,5,Score: 30,Score: 38
68,LETT,3,6,Score: 37,Score: 34
68,LETT,3,7,Score: 36,Score: 30
68,LETT,3,8,Score: 34,Score: 35
68,LETT,3,9,Score: 34,Score: 34
68,LETT,3,10,Score: 35,Score: 35
68,LETT,4,1,Score: 35,Score: 35
68,LETT,4,2,Score: 32,Score: 37
68,LETT,4,3,Score: 35,Score: 38
68,LETT,4,4,Score: 36,Score: 35
68,LETT,4,5,Score: 38,Score: 34
68,LETT,4,6,Score: 37,Score: 35
68,LETT,4,7,Score: 35,Score: 35
68,LETT,4,8,Score: 32,Score: 34
68,LETT,4,9,Score: 38,Score: 36
68,LETT,4,10,Score: 37,Score: 33
68,LETT,5,1,Score: 30,Score: 35
68,LETT,5,2,Score: 35,Score: 35
68,LETT,5,3,Score: 30,Score: 30
68,LETT,5,4,Score: 34,Score: 35
68,LETT,5,5,Score: 30,Score: 34
68,LETT,5,6,Score: 38,Score: 38
68,LETT,5,7,Score: 35,Score: 36
68,LETT,5,8,Score: 34,Score: 34
68,LETT,5,9,Score: 28,Score: 38
68,LETT,5,10,Score: 30,Score: 34
